,dataset,prob_labels,n_data,dim_reduction_technique,dimension,metric,k,n_samples,Accuracy,RMSE
0,CIFAR10,prob_label_effnetb0,50000,CLIP+UMAP,20,euclidean,2,10,0.29132,0.32255161396950627
1,CIFAR10,prob_label_effnetb0,50000,CLIP+UMAP,20,euclidean,2,10,0.46278,0.2617456621607599
2,CIFAR10,prob_label_effnetb0,50000,CLIP+UMAP,20,euclidean,2,10,0.3924,0.3318074196150738
3,CIFAR10,prob_label_effnetb0,50000,CLIP+UMAP,20,euclidean,2,10,0.45594,0.2684636046637511
4,CIFAR10,prob_label_effnetb0,50000,CLIP+UMAP,20,euclidean,2,10,0.44494,0.2767467519604242
5,CIFAR10,prob_label_effnetb0,50000,CLIP+UMAP,20,euclidean,2,25,0.78274,0.16955355166082917
6,CIFAR10,prob_label_effnetb0,50000,CLIP+UMAP,20,euclidean,2,25,0.58078,0.2254425628035511
7,CIFAR10,prob_label_effnetb0,50000,CLIP+UMAP,20,euclidean,2,25,0.58854,0.19268216174141636
8,CIFAR10,prob_label_effnetb0,50000,CLIP+UMAP,20,euclidean,2,25,0.57474,0.20272052965507417
9,CIFAR10,prob_label_effnetb0,50000,CLIP+UMAP,20,euclidean,2,25,0.77094,0.15707080405922663
10,CIFAR10,prob_label_effnetb0,50000,CLIP+UMAP,20,euclidean,2,50,0.74988,0.15687386144301033
11,CIFAR10,prob_label_effnetb0,50000,CLIP+UMAP,20,euclidean,2,50,0.86016,0.16587468086129717
12,CIFAR10,prob_label_effnetb0,50000,CLIP+UMAP,20,euclidean,2,50,0.83018,0.14687206082499563
13,CIFAR10,prob_label_effnetb0,50000,CLIP+UMAP,20,euclidean,2,50,0.80328,0.14617928940017957
14,CIFAR10,prob_label_effnetb0,50000,CLIP+UMAP,20,euclidean,2,50,0.69154,0.20731067429923375
15,CIFAR10,prob_label_effnetb0,50000,CLIP+UMAP,20,euclidean,2,100,0.87916,0.13784343010252115
16,CIFAR10,prob_label_effnetb0,50000,CLIP+UMAP,20,euclidean,2,100,0.87482,0.13092198456971016
17,CIFAR10,prob_label_effnetb0,50000,CLIP+UMAP,20,euclidean,2,100,0.80658,0.144163739578326
18,CIFAR10,prob_label_effnetb0,50000,CLIP+UMAP,20,euclidean,2,100,0.85342,0.13645848497571622
19,CIFAR10,prob_label_effnetb0,50000,CLIP+UMAP,20,euclidean,2,100,0.78452,0.14663779949321468
20,CIFAR10,prob_label_effnetb0,50000,CLIP+UMAP,20,euclidean,2,250,0.84344,0.13611366180543344
21,CIFAR10,prob_label_effnetb0,50000,CLIP+UMAP,20,euclidean,2,250,0.84752,0.1388840580418938
22,CIFAR10,prob_label_effnetb0,50000,CLIP+UMAP,20,euclidean,2,250,0.8433,0.14202083365900584
23,CIFAR10,prob_label_effnetb0,50000,CLIP+UMAP,20,euclidean,2,250,0.86976,0.13656001367400025
24,CIFAR10,prob_label_effnetb0,50000,CLIP+UMAP,20,euclidean,2,250,0.79786,0.14664269946054068
25,CIFAR10,prob_label_effnetb0,50000,CLIP+UMAP,20,euclidean,2,500,0.83516,0.13963975361547026
26,CIFAR10,prob_label_effnetb0,50000,CLIP+UMAP,20,euclidean,2,500,0.85772,0.13200891913305673
27,CIFAR10,prob_label_effnetb0,50000,CLIP+UMAP,20,euclidean,2,500,0.86486,0.1321962597745296
28,CIFAR10,prob_label_effnetb0,50000,CLIP+UMAP,20,euclidean,2,500,0.85078,0.13731817389422982
29,CIFAR10,prob_label_effnetb0,50000,CLIP+UMAP,20,euclidean,2,500,0.83504,0.13838961142971098
30,CIFAR10,prob_label_effnetb0,50000,CLIP+UMAP,20,euclidean,2,1000,0.85128,0.132234854916951
31,CIFAR10,prob_label_effnetb0,50000,CLIP+UMAP,20,euclidean,2,1000,0.86618,0.13084170748237178
32,CIFAR10,prob_label_effnetb0,50000,CLIP+UMAP,20,euclidean,2,1000,0.85894,0.1363880650073404
33,CIFAR10,prob_label_effnetb0,50000,CLIP+UMAP,20,euclidean,2,1000,0.86478,0.13009868500529048
34,CIFAR10,prob_label_effnetb0,50000,CLIP+UMAP,20,euclidean,2,1000,0.8598,0.13227200271298536
35,CIFAR10,prob_label_effnetb0,50000,CLIP+UMAP,20,euclidean,2,5000,0.87052,0.12757297614822122
36,CIFAR10,prob_label_effnetb0,50000,CLIP+UMAP,20,euclidean,2,5000,0.87726,0.12466701877852167
37,CIFAR10,prob_label_effnetb0,50000,CLIP+UMAP,20,euclidean,2,5000,0.86762,0.1258207708453482
38,CIFAR10,prob_label_effnetb0,50000,CLIP+UMAP,20,euclidean,2,5000,0.87054,0.12768453967033083
39,CIFAR10,prob_label_effnetb0,50000,CLIP+UMAP,20,euclidean,2,5000,0.86516,0.12829498737218786
40,CIFAR10,prob_label_effnetb0,50000,CLIP+UMAP,20,euclidean,2,10000,0.8819,0.12128948863370378
41,CIFAR10,prob_label_effnetb0,50000,CLIP+UMAP,20,euclidean,2,10000,0.8768,0.12143568086492577
42,CIFAR10,prob_label_effnetb0,50000,CLIP+UMAP,20,euclidean,2,10000,0.87494,0.12216065112096364
43,CIFAR10,prob_label_effnetb0,50000,CLIP+UMAP,20,euclidean,2,10000,0.87814,0.12143880618143585
44,CIFAR10,prob_label_effnetb0,50000,CLIP+UMAP,20,euclidean,2,10000,0.8832,0.12056044009689473
45,CIFAR10,prob_label_effnetb0,50000,CLIP+UMAP,20,euclidean,2,100000,0.92746,0.08566155730117496
46,CIFAR10,prob_label_effnetb0,50000,CLIP+UMAP,20,euclidean,2,100000,0.92706,0.08580835753117015
47,CIFAR10,prob_label_effnetb0,50000,CLIP+UMAP,20,euclidean,2,100000,0.92744,0.08615634782445085
48,CIFAR10,prob_label_effnetb0,50000,CLIP+UMAP,20,euclidean,2,100000,0.92718,0.08634927267759453
49,CIFAR10,prob_label_effnetb0,50000,CLIP+UMAP,20,euclidean,2,100000,0.92876,0.08558786423262128
50,CIFAR10,prob_label_effnetb0,50000,CLIP+UMAP,20,euclidean,3,10,0.28722,0.2796832774320638
51,CIFAR10,prob_label_effnetb0,50000,CLIP+UMAP,20,euclidean,3,10,0.2876,0.2868832409440413
52,CIFAR10,prob_label_effnetb0,50000,CLIP+UMAP,20,euclidean,3,10,0.27434,0.31108731922849653
53,CIFAR10,prob_label_effnetb0,50000,CLIP+UMAP,20,euclidean,3,10,0.29192,0.2975923760422486
54,CIFAR10,prob_label_effnetb0,50000,CLIP+UMAP,20,euclidean,3,10,0.34854,0.28095322783197
55,CIFAR10,prob_label_effnetb0,50000,CLIP+UMAP,20,euclidean,3,25,0.49152,0.20609340591902386
56,CIFAR10,prob_label_effnetb0,50000,CLIP+UMAP,20,euclidean,3,25,0.70116,0.17862127653677723
57,CIFAR10,prob_label_effnetb0,50000,CLIP+UMAP,20,euclidean,3,25,0.63976,0.2219752783178218
58,CIFAR10,prob_label_effnetb0,50000,CLIP+UMAP,20,euclidean,3,25,0.50596,0.2483201839430545
59,CIFAR10,prob_label_effnetb0,50000,CLIP+UMAP,20,euclidean,3,25,0.61914,0.2223759325415969
60,CIFAR10,prob_label_effnetb0,50000,CLIP+UMAP,20,euclidean,3,50,0.85214,0.1379969644255456
61,CIFAR10,prob_label_effnetb0,50000,CLIP+UMAP,20,euclidean,3,50,0.88506,0.12617958026376044
62,CIFAR10,prob_label_effnetb0,50000,CLIP+UMAP,20,euclidean,3,50,0.77668,0.15998911455098822
63,CIFAR10,prob_label_effnetb0,50000,CLIP+UMAP,20,euclidean,3,50,0.87488,0.13708224021341367
64,CIFAR10,prob_label_effnetb0,50000,CLIP+UMAP,20,euclidean,3,50,0.8126,0.15152810346549955
65,CIFAR10,prob_label_effnetb0,50000,CLIP+UMAP,20,euclidean,3,100,0.87582,0.1315449484004555
66,CIFAR10,prob_label_effnetb0,50000,CLIP+UMAP,20,euclidean,3,100,0.87436,0.13643966635172927
67,CIFAR10,prob_label_effnetb0,50000,CLIP+UMAP,20,euclidean,3,100,0.88234,0.12772543187898697
68,CIFAR10,prob_label_effnetb0,50000,CLIP+UMAP,20,euclidean,3,100,0.86894,0.1375989443723606
69,CIFAR10,prob_label_effnetb0,50000,CLIP+UMAP,20,euclidean,3,100,0.86544,0.12846598730518236
70,CIFAR10,prob_label_effnetb0,50000,CLIP+UMAP,20,euclidean,3,250,0.89396,0.12848427047485214
71,CIFAR10,prob_label_effnetb0,50000,CLIP+UMAP,20,euclidean,3,250,0.89116,0.13029162045878157
72,CIFAR10,prob_label_effnetb0,50000,CLIP+UMAP,20,euclidean,3,250,0.86584,0.1336384444901222
73,CIFAR10,prob_label_effnetb0,50000,CLIP+UMAP,20,euclidean,3,250,0.8778,0.13131473357194448
74,CIFAR10,prob_label_effnetb0,50000,CLIP+UMAP,20,euclidean,3,250,0.88866,0.13132405691555152
75,CIFAR10,prob_label_effnetb0,50000,CLIP+UMAP,20,euclidean,3,500,0.89236,0.12483749820144233
76,CIFAR10,prob_label_effnetb0,50000,CLIP+UMAP,20,euclidean,3,500,0.89002,0.12544996909565734
77,CIFAR10,prob_label_effnetb0,50000,CLIP+UMAP,20,euclidean,3,500,0.8809,0.1272079549046414
78,CIFAR10,prob_label_effnetb0,50000,CLIP+UMAP,20,euclidean,3,500,0.88206,0.12962705013091108
79,CIFAR10,prob_label_effnetb0,50000,CLIP+UMAP,20,euclidean,3,500,0.89046,0.12834096236112924
80,CIFAR10,prob_label_effnetb0,50000,CLIP+UMAP,20,euclidean,3,1000,0.88774,0.1263912682093998
81,CIFAR10,prob_label_effnetb0,50000,CLIP+UMAP,20,euclidean,3,1000,0.88636,0.12739993611287845
82,CIFAR10,prob_label_effnetb0,50000,CLIP+UMAP,20,euclidean,3,1000,0.88914,0.12626649564381154
83,CIFAR10,prob_label_effnetb0,50000,CLIP+UMAP,20,euclidean,3,1000,0.88366,0.1282362382298126
84,CIFAR10,prob_label_effnetb0,50000,CLIP+UMAP,20,euclidean,3,1000,0.89102,0.1251489840428875
85,CIFAR10,prob_label_effnetb0,50000,CLIP+UMAP,20,euclidean,3,5000,0.8951,0.1202690796819467
86,CIFAR10,prob_label_effnetb0,50000,CLIP+UMAP,20,euclidean,3,5000,0.89496,0.12039089087214598
87,CIFAR10,prob_label_effnetb0,50000,CLIP+UMAP,20,euclidean,3,5000,0.89384,0.12088301561986695
88,CIFAR10,prob_label_effnetb0,50000,CLIP+UMAP,20,euclidean,3,5000,0.89584,0.12001016125360627
89,CIFAR10,prob_label_effnetb0,50000,CLIP+UMAP,20,euclidean,3,5000,0.8959,0.11959672073198284
90,CIFAR10,prob_label_effnetb0,50000,CLIP+UMAP,20,euclidean,3,10000,0.89972,0.11596547411566105
91,CIFAR10,prob_label_effnetb0,50000,CLIP+UMAP,20,euclidean,3,10000,0.90152,0.11629473919974016
92,CIFAR10,prob_label_effnetb0,50000,CLIP+UMAP,20,euclidean,3,10000,0.90022,0.11619483656001958
93,CIFAR10,prob_label_effnetb0,50000,CLIP+UMAP,20,euclidean,3,10000,0.90028,0.11511267832256507
94,CIFAR10,prob_label_effnetb0,50000,CLIP+UMAP,20,euclidean,3,10000,0.8979,0.11675084119345332
95,CIFAR10,prob_label_effnetb0,50000,CLIP+UMAP,20,euclidean,3,100000,0.9208,0.09174271170558411
96,CIFAR10,prob_label_effnetb0,50000,CLIP+UMAP,20,euclidean,3,100000,0.92182,0.09116942092489054
97,CIFAR10,prob_label_effnetb0,50000,CLIP+UMAP,20,euclidean,3,100000,0.92128,0.09162896338654772
98,CIFAR10,prob_label_effnetb0,50000,CLIP+UMAP,20,euclidean,3,100000,0.9211,0.09144287319884337
99,CIFAR10,prob_label_effnetb0,50000,CLIP+UMAP,20,euclidean,3,100000,0.92156,0.09151375678658982
100,CIFAR10,prob_label_effnetb0,50000,CLIP+UMAP,20,euclidean,5,10,0.19412,0.2987669029692443
101,CIFAR10,prob_label_effnetb0,50000,CLIP+UMAP,20,euclidean,5,10,0.27698,0.30749915300283026
102,CIFAR10,prob_label_effnetb0,50000,CLIP+UMAP,20,euclidean,5,10,0.19852,0.2968332975063984
103,CIFAR10,prob_label_effnetb0,50000,CLIP+UMAP,20,euclidean,5,10,0.15872,0.3006637656871693
104,CIFAR10,prob_label_effnetb0,50000,CLIP+UMAP,20,euclidean,5,10,0.1848,0.29512330341394594
105,CIFAR10,prob_label_effnetb0,50000,CLIP+UMAP,20,euclidean,5,25,0.47396,0.2270713626523408
106,CIFAR10,prob_label_effnetb0,50000,CLIP+UMAP,20,euclidean,5,25,0.63294,0.22499285632022445
107,CIFAR10,prob_label_effnetb0,50000,CLIP+UMAP,20,euclidean,5,25,0.4918,0.24039309635906303
108,CIFAR10,prob_label_effnetb0,50000,CLIP+UMAP,20,euclidean,5,25,0.47538,0.25905850966136384
109,CIFAR10,prob_label_effnetb0,50000,CLIP+UMAP,20,euclidean,5,25,0.48844,0.24786179974660097
110,CIFAR10,prob_label_effnetb0,50000,CLIP+UMAP,20,euclidean,5,50,0.69032,0.20021305097956868
111,CIFAR10,prob_label_effnetb0,50000,CLIP+UMAP,20,euclidean,5,50,0.75856,0.16383778666900226
112,CIFAR10,prob_label_effnetb0,50000,CLIP+UMAP,20,euclidean,5,50,0.8268,0.16411070848934955
113,CIFAR10,prob_label_effnetb0,50000,CLIP+UMAP,20,euclidean,5,50,0.89138,0.15063979907187705
114,CIFAR10,prob_label_effnetb0,50000,CLIP+UMAP,20,euclidean,5,50,0.77256,0.1813976861416139
115,CIFAR10,prob_label_effnetb0,50000,CLIP+UMAP,20,euclidean,5,100,0.89046,0.12507879454732557
116,CIFAR10,prob_label_effnetb0,50000,CLIP+UMAP,20,euclidean,5,100,0.8978,0.12578348208611112
117,CIFAR10,prob_label_effnetb0,50000,CLIP+UMAP,20,euclidean,5,100,0.8839,0.1355771402179157
118,CIFAR10,prob_label_effnetb0,50000,CLIP+UMAP,20,euclidean,5,100,0.88056,0.12761677796952692
119,CIFAR10,prob_label_effnetb0,50000,CLIP+UMAP,20,euclidean,5,100,0.89506,0.1254506606498687
120,CIFAR10,prob_label_effnetb0,50000,CLIP+UMAP,20,euclidean,5,250,0.88254,0.12723855221514857
121,CIFAR10,prob_label_effnetb0,50000,CLIP+UMAP,20,euclidean,5,250,0.893,0.12462277155293015
122,CIFAR10,prob_label_effnetb0,50000,CLIP+UMAP,20,euclidean,5,250,0.89002,0.12118672514592502
123,CIFAR10,prob_label_effnetb0,50000,CLIP+UMAP,20,euclidean,5,250,0.88732,0.12500047834422423
124,CIFAR10,prob_label_effnetb0,50000,CLIP+UMAP,20,euclidean,5,250,0.88856,0.12501703297672945
125,CIFAR10,prob_label_effnetb0,50000,CLIP+UMAP,20,euclidean,5,500,0.88934,0.12170637940191845
126,CIFAR10,prob_label_effnetb0,50000,CLIP+UMAP,20,euclidean,5,500,0.89018,0.12390375018136394
127,CIFAR10,prob_label_effnetb0,50000,CLIP+UMAP,20,euclidean,5,500,0.89342,0.12151613587126912
128,CIFAR10,prob_label_effnetb0,50000,CLIP+UMAP,20,euclidean,5,500,0.8974,0.1221053241042083
129,CIFAR10,prob_label_effnetb0,50000,CLIP+UMAP,20,euclidean,5,500,0.88548,0.12714910315274242
130,CIFAR10,prob_label_effnetb0,50000,CLIP+UMAP,20,euclidean,5,1000,0.89854,0.11849747654283053
131,CIFAR10,prob_label_effnetb0,50000,CLIP+UMAP,20,euclidean,5,1000,0.89778,0.11781867913828252
132,CIFAR10,prob_label_effnetb0,50000,CLIP+UMAP,20,euclidean,5,1000,0.89626,0.1191603239307079
133,CIFAR10,prob_label_effnetb0,50000,CLIP+UMAP,20,euclidean,5,1000,0.89384,0.12023654266152706
134,CIFAR10,prob_label_effnetb0,50000,CLIP+UMAP,20,euclidean,5,1000,0.89706,0.11825851981803266
135,CIFAR10,prob_label_effnetb0,50000,CLIP+UMAP,20,euclidean,5,5000,0.90352,0.11493234046398193
136,CIFAR10,prob_label_effnetb0,50000,CLIP+UMAP,20,euclidean,5,5000,0.90286,0.1152222418504814
137,CIFAR10,prob_label_effnetb0,50000,CLIP+UMAP,20,euclidean,5,5000,0.90164,0.11560118870126738
138,CIFAR10,prob_label_effnetb0,50000,CLIP+UMAP,20,euclidean,5,5000,0.90304,0.11492446125510054
139,CIFAR10,prob_label_effnetb0,50000,CLIP+UMAP,20,euclidean,5,5000,0.90472,0.11400443574885195
140,CIFAR10,prob_label_effnetb0,50000,CLIP+UMAP,20,euclidean,5,10000,0.90532,0.11195481215857275
141,CIFAR10,prob_label_effnetb0,50000,CLIP+UMAP,20,euclidean,5,10000,0.90474,0.11204103288810618
142,CIFAR10,prob_label_effnetb0,50000,CLIP+UMAP,20,euclidean,5,10000,0.9042,0.11231909924447339
143,CIFAR10,prob_label_effnetb0,50000,CLIP+UMAP,20,euclidean,5,10000,0.90506,0.11190412338211146
144,CIFAR10,prob_label_effnetb0,50000,CLIP+UMAP,20,euclidean,5,10000,0.90456,0.11232635154060318
145,CIFAR10,prob_label_effnetb0,50000,CLIP+UMAP,20,euclidean,5,100000,0.91832,0.09595575097134458
146,CIFAR10,prob_label_effnetb0,50000,CLIP+UMAP,20,euclidean,5,100000,0.91912,0.09567136616698502
147,CIFAR10,prob_label_effnetb0,50000,CLIP+UMAP,20,euclidean,5,100000,0.9186,0.09584759960426983
148,CIFAR10,prob_label_effnetb0,50000,CLIP+UMAP,20,euclidean,5,100000,0.91908,0.09547094415452595
149,CIFAR10,prob_label_effnetb0,50000,CLIP+UMAP,20,euclidean,5,100000,0.91896,0.09547880296042001
150,CIFAR10,prob_label_effnetb0,50000,CLIP+UMAP,20,euclidean,7,10,0.10004,0.30612140753295514
151,CIFAR10,prob_label_effnetb0,50000,CLIP+UMAP,20,euclidean,7,10,0.09652,0.2995893411834956
152,CIFAR10,prob_label_effnetb0,50000,CLIP+UMAP,20,euclidean,7,10,0.19138,0.29469924419054927
153,CIFAR10,prob_label_effnetb0,50000,CLIP+UMAP,20,euclidean,7,10,0.10274,0.3120206950920041
154,CIFAR10,prob_label_effnetb0,50000,CLIP+UMAP,20,euclidean,7,10,0.1002,0.30344889802487646
155,CIFAR10,prob_label_effnetb0,50000,CLIP+UMAP,20,euclidean,7,25,0.37324,0.26041049561207086
156,CIFAR10,prob_label_effnetb0,50000,CLIP+UMAP,20,euclidean,7,25,0.32768,0.2649938368637951
157,CIFAR10,prob_label_effnetb0,50000,CLIP+UMAP,20,euclidean,7,25,0.36278,0.25199206484291137
158,CIFAR10,prob_label_effnetb0,50000,CLIP+UMAP,20,euclidean,7,25,0.51322,0.25229054233901155
159,CIFAR10,prob_label_effnetb0,50000,CLIP+UMAP,20,euclidean,7,25,0.35814,0.25167488254446535
160,CIFAR10,prob_label_effnetb0,50000,CLIP+UMAP,20,euclidean,7,50,0.6252,0.22769821341316449
161,CIFAR10,prob_label_effnetb0,50000,CLIP+UMAP,20,euclidean,7,50,0.66514,0.20463697413155235
162,CIFAR10,prob_label_effnetb0,50000,CLIP+UMAP,20,euclidean,7,50,0.74564,0.18294125768352218
163,CIFAR10,prob_label_effnetb0,50000,CLIP+UMAP,20,euclidean,7,50,0.69494,0.19696724709072094
164,CIFAR10,prob_label_effnetb0,50000,CLIP+UMAP,20,euclidean,7,50,0.76942,0.19704278524764524
165,CIFAR10,prob_label_effnetb0,50000,CLIP+UMAP,20,euclidean,7,100,0.89306,0.12469612280493822
166,CIFAR10,prob_label_effnetb0,50000,CLIP+UMAP,20,euclidean,7,100,0.88204,0.1320276627123758
167,CIFAR10,prob_label_effnetb0,50000,CLIP+UMAP,20,euclidean,7,100,0.89272,0.12798988388390822
168,CIFAR10,prob_label_effnetb0,50000,CLIP+UMAP,20,euclidean,7,100,0.88378,0.1226534411572189
169,CIFAR10,prob_label_effnetb0,50000,CLIP+UMAP,20,euclidean,7,100,0.82996,0.13695496125186865
170,CIFAR10,prob_label_effnetb0,50000,CLIP+UMAP,20,euclidean,7,250,0.89922,0.11991184734884348
171,CIFAR10,prob_label_effnetb0,50000,CLIP+UMAP,20,euclidean,7,250,0.89664,0.11952592576160756
172,CIFAR10,prob_label_effnetb0,50000,CLIP+UMAP,20,euclidean,7,250,0.89904,0.11794062223061683
173,CIFAR10,prob_label_effnetb0,50000,CLIP+UMAP,20,euclidean,7,250,0.8933,0.12284305472494723
174,CIFAR10,prob_label_effnetb0,50000,CLIP+UMAP,20,euclidean,7,250,0.88978,0.12252562971676592
175,CIFAR10,prob_label_effnetb0,50000,CLIP+UMAP,20,euclidean,7,500,0.89788,0.11975083444072192
176,CIFAR10,prob_label_effnetb0,50000,CLIP+UMAP,20,euclidean,7,500,0.89466,0.12114054058748921
177,CIFAR10,prob_label_effnetb0,50000,CLIP+UMAP,20,euclidean,7,500,0.89904,0.11912150180090372
178,CIFAR10,prob_label_effnetb0,50000,CLIP+UMAP,20,euclidean,7,500,0.8999,0.1188456201463757
179,CIFAR10,prob_label_effnetb0,50000,CLIP+UMAP,20,euclidean,7,500,0.8963,0.11760806819436471
180,CIFAR10,prob_label_effnetb0,50000,CLIP+UMAP,20,euclidean,7,1000,0.90184,0.1169911870412712
181,CIFAR10,prob_label_effnetb0,50000,CLIP+UMAP,20,euclidean,7,1000,0.89914,0.11665479151441667
182,CIFAR10,prob_label_effnetb0,50000,CLIP+UMAP,20,euclidean,7,1000,0.90206,0.11805243974023061
183,CIFAR10,prob_label_effnetb0,50000,CLIP+UMAP,20,euclidean,7,1000,0.9015,0.11564902595352548
184,CIFAR10,prob_label_effnetb0,50000,CLIP+UMAP,20,euclidean,7,1000,0.89998,0.11693092435665922
185,CIFAR10,prob_label_effnetb0,50000,CLIP+UMAP,20,euclidean,7,5000,0.90444,0.11305826705847193
186,CIFAR10,prob_label_effnetb0,50000,CLIP+UMAP,20,euclidean,7,5000,0.9051,0.11238469526505002
187,CIFAR10,prob_label_effnetb0,50000,CLIP+UMAP,20,euclidean,7,5000,0.90516,0.11344844749536778
188,CIFAR10,prob_label_effnetb0,50000,CLIP+UMAP,20,euclidean,7,5000,0.9037,0.11330140015186056
189,CIFAR10,prob_label_effnetb0,50000,CLIP+UMAP,20,euclidean,7,5000,0.90404,0.11222689429303623
190,CIFAR10,prob_label_effnetb0,50000,CLIP+UMAP,20,euclidean,7,10000,0.9069,0.11007588974432707
191,CIFAR10,prob_label_effnetb0,50000,CLIP+UMAP,20,euclidean,7,10000,0.90818,0.10961959851435599
192,CIFAR10,prob_label_effnetb0,50000,CLIP+UMAP,20,euclidean,7,10000,0.90856,0.1094265199967827
193,CIFAR10,prob_label_effnetb0,50000,CLIP+UMAP,20,euclidean,7,10000,0.9079,0.11001277281222219
194,CIFAR10,prob_label_effnetb0,50000,CLIP+UMAP,20,euclidean,7,10000,0.90724,0.11035516859072088
195,CIFAR10,prob_label_effnetb0,50000,CLIP+UMAP,20,euclidean,7,100000,0.91806,0.09763438642360941
196,CIFAR10,prob_label_effnetb0,50000,CLIP+UMAP,20,euclidean,7,100000,0.91756,0.09761396995864313
197,CIFAR10,prob_label_effnetb0,50000,CLIP+UMAP,20,euclidean,7,100000,0.91682,0.09774952573427968
198,CIFAR10,prob_label_effnetb0,50000,CLIP+UMAP,20,euclidean,7,100000,0.9168,0.0976298001959238
199,CIFAR10,prob_label_effnetb0,50000,CLIP+UMAP,20,euclidean,7,100000,0.91758,0.09756165532352358
200,CIFAR10,prob_label_effnetb0,50000,CLIP+UMAP,20,euclidean,10,10,0.10086,0.30123683293082204
201,CIFAR10,prob_label_effnetb0,50000,CLIP+UMAP,20,euclidean,10,10,0.09952,0.3009283803779594
202,CIFAR10,prob_label_effnetb0,50000,CLIP+UMAP,20,euclidean,10,10,0.1015,0.3130425900414515
203,CIFAR10,prob_label_effnetb0,50000,CLIP+UMAP,20,euclidean,10,10,0.10086,0.31066231050379906
204,CIFAR10,prob_label_effnetb0,50000,CLIP+UMAP,20,euclidean,10,10,0.10048,0.3072189303483043
205,CIFAR10,prob_label_effnetb0,50000,CLIP+UMAP,20,euclidean,10,25,0.25882,0.2796532103303436
206,CIFAR10,prob_label_effnetb0,50000,CLIP+UMAP,20,euclidean,10,25,0.296,0.27707860098702536
207,CIFAR10,prob_label_effnetb0,50000,CLIP+UMAP,20,euclidean,10,25,0.38534,0.27944230179428275
208,CIFAR10,prob_label_effnetb0,50000,CLIP+UMAP,20,euclidean,10,25,0.29356,0.27255317996037565
209,CIFAR10,prob_label_effnetb0,50000,CLIP+UMAP,20,euclidean,10,25,0.28536,0.26945383828474345
210,CIFAR10,prob_label_effnetb0,50000,CLIP+UMAP,20,euclidean,10,50,0.62632,0.2215682474782533
211,CIFAR10,prob_label_effnetb0,50000,CLIP+UMAP,20,euclidean,10,50,0.63652,0.21716925534145742
212,CIFAR10,prob_label_effnetb0,50000,CLIP+UMAP,20,euclidean,10,50,0.554,0.21483177093530093
213,CIFAR10,prob_label_effnetb0,50000,CLIP+UMAP,20,euclidean,10,50,0.6971,0.22467584484778783
214,CIFAR10,prob_label_effnetb0,50000,CLIP+UMAP,20,euclidean,10,50,0.63678,0.2202343758431129
215,CIFAR10,prob_label_effnetb0,50000,CLIP+UMAP,20,euclidean,10,100,0.89128,0.1501353189960838
216,CIFAR10,prob_label_effnetb0,50000,CLIP+UMAP,20,euclidean,10,100,0.78906,0.14904404827166431
217,CIFAR10,prob_label_effnetb0,50000,CLIP+UMAP,20,euclidean,10,100,0.88884,0.14321555719995502
218,CIFAR10,prob_label_effnetb0,50000,CLIP+UMAP,20,euclidean,10,100,0.79364,0.1505494427256513
219,CIFAR10,prob_label_effnetb0,50000,CLIP+UMAP,20,euclidean,10,100,0.88786,0.1353866129110116
220,CIFAR10,prob_label_effnetb0,50000,CLIP+UMAP,20,euclidean,10,250,0.8937,0.11988255360172631
221,CIFAR10,prob_label_effnetb0,50000,CLIP+UMAP,20,euclidean,10,250,0.89386,0.11961709474394666
222,CIFAR10,prob_label_effnetb0,50000,CLIP+UMAP,20,euclidean,10,250,0.8932,0.12167122678277813
223,CIFAR10,prob_label_effnetb0,50000,CLIP+UMAP,20,euclidean,10,250,0.89594,0.11908187470977857
224,CIFAR10,prob_label_effnetb0,50000,CLIP+UMAP,20,euclidean,10,250,0.89254,0.11810144546014963
225,CIFAR10,prob_label_effnetb0,50000,CLIP+UMAP,20,euclidean,10,500,0.89998,0.11741598302454537
226,CIFAR10,prob_label_effnetb0,50000,CLIP+UMAP,20,euclidean,10,500,0.8979,0.11607639380958931
227,CIFAR10,prob_label_effnetb0,50000,CLIP+UMAP,20,euclidean,10,500,0.89672,0.11714506909405191
228,CIFAR10,prob_label_effnetb0,50000,CLIP+UMAP,20,euclidean,10,500,0.89346,0.11908563357227635
229,CIFAR10,prob_label_effnetb0,50000,CLIP+UMAP,20,euclidean,10,500,0.89738,0.1176316911736758
230,CIFAR10,prob_label_effnetb0,50000,CLIP+UMAP,20,euclidean,10,1000,0.8999,0.11478421451944935
231,CIFAR10,prob_label_effnetb0,50000,CLIP+UMAP,20,euclidean,10,1000,0.90112,0.1154980771753394
232,CIFAR10,prob_label_effnetb0,50000,CLIP+UMAP,20,euclidean,10,1000,0.9013,0.11589946672359439
233,CIFAR10,prob_label_effnetb0,50000,CLIP+UMAP,20,euclidean,10,1000,0.90078,0.11514089321804384
234,CIFAR10,prob_label_effnetb0,50000,CLIP+UMAP,20,euclidean,10,1000,0.90044,0.11627294811594244
235,CIFAR10,prob_label_effnetb0,50000,CLIP+UMAP,20,euclidean,10,5000,0.90678,0.11129408873348112
236,CIFAR10,prob_label_effnetb0,50000,CLIP+UMAP,20,euclidean,10,5000,0.90604,0.1107744796202472
237,CIFAR10,prob_label_effnetb0,50000,CLIP+UMAP,20,euclidean,10,5000,0.9059,0.11101788314381325
238,CIFAR10,prob_label_effnetb0,50000,CLIP+UMAP,20,euclidean,10,5000,0.9073,0.11132308033108218
239,CIFAR10,prob_label_effnetb0,50000,CLIP+UMAP,20,euclidean,10,5000,0.90726,0.11126190561333489
240,CIFAR10,prob_label_effnetb0,50000,CLIP+UMAP,20,euclidean,10,10000,0.90686,0.10896167997200115
241,CIFAR10,prob_label_effnetb0,50000,CLIP+UMAP,20,euclidean,10,10000,0.90708,0.10937718636203383
242,CIFAR10,prob_label_effnetb0,50000,CLIP+UMAP,20,euclidean,10,10000,0.90754,0.10892847421692062
243,CIFAR10,prob_label_effnetb0,50000,CLIP+UMAP,20,euclidean,10,10000,0.90668,0.10891177083025258
244,CIFAR10,prob_label_effnetb0,50000,CLIP+UMAP,20,euclidean,10,10000,0.90824,0.1089774534859765
245,CIFAR10,prob_label_effnetb0,50000,CLIP+UMAP,20,euclidean,10,100000,0.91598,0.09948323252251626
246,CIFAR10,prob_label_effnetb0,50000,CLIP+UMAP,20,euclidean,10,100000,0.91588,0.0991064623760037
247,CIFAR10,prob_label_effnetb0,50000,CLIP+UMAP,20,euclidean,10,100000,0.9164,0.099077900706884
248,CIFAR10,prob_label_effnetb0,50000,CLIP+UMAP,20,euclidean,10,100000,0.91576,0.09929188536591815
249,CIFAR10,prob_label_effnetb0,50000,CLIP+UMAP,20,euclidean,10,100000,0.91572,0.09912709169404046
250,CIFAR10,prob_label_effnetb0,50000,CLIP+UMAP,20,euclidean,15,10,,
251,CIFAR10,prob_label_effnetb0,50000,CLIP+UMAP,20,euclidean,15,10,,
252,CIFAR10,prob_label_effnetb0,50000,CLIP+UMAP,20,euclidean,15,10,,
253,CIFAR10,prob_label_effnetb0,50000,CLIP+UMAP,20,euclidean,15,10,,
254,CIFAR10,prob_label_effnetb0,50000,CLIP+UMAP,20,euclidean,15,10,,
255,CIFAR10,prob_label_effnetb0,50000,CLIP+UMAP,20,euclidean,15,25,0.19558,0.2883098873445764
256,CIFAR10,prob_label_effnetb0,50000,CLIP+UMAP,20,euclidean,15,25,0.19338,0.2879266617923151
257,CIFAR10,prob_label_effnetb0,50000,CLIP+UMAP,20,euclidean,15,25,0.1985,0.2923052305711028
258,CIFAR10,prob_label_effnetb0,50000,CLIP+UMAP,20,euclidean,15,25,0.20006,0.2925190610375764
259,CIFAR10,prob_label_effnetb0,50000,CLIP+UMAP,20,euclidean,15,25,0.19134,0.287895646428981
260,CIFAR10,prob_label_effnetb0,50000,CLIP+UMAP,20,euclidean,15,50,0.38942,0.2592581340430061
261,CIFAR10,prob_label_effnetb0,50000,CLIP+UMAP,20,euclidean,15,50,0.34762,0.25599723834028876
262,CIFAR10,prob_label_effnetb0,50000,CLIP+UMAP,20,euclidean,15,50,0.36434,0.2596219701183237
263,CIFAR10,prob_label_effnetb0,50000,CLIP+UMAP,20,euclidean,15,50,0.38152,0.2540860800177619
264,CIFAR10,prob_label_effnetb0,50000,CLIP+UMAP,20,euclidean,15,50,0.40586,0.26050662009115466
265,CIFAR10,prob_label_effnetb0,50000,CLIP+UMAP,20,euclidean,15,100,0.80952,0.1829357862086812
266,CIFAR10,prob_label_effnetb0,50000,CLIP+UMAP,20,euclidean,15,100,0.88486,0.17339412382039868
267,CIFAR10,prob_label_effnetb0,50000,CLIP+UMAP,20,euclidean,15,100,0.8398,0.18736705218887773
268,CIFAR10,prob_label_effnetb0,50000,CLIP+UMAP,20,euclidean,15,100,0.71756,0.19132483300691877
269,CIFAR10,prob_label_effnetb0,50000,CLIP+UMAP,20,euclidean,15,100,0.74028,0.183206245023091
270,CIFAR10,prob_label_effnetb0,50000,CLIP+UMAP,20,euclidean,15,250,0.89282,0.12093527465822504
271,CIFAR10,prob_label_effnetb0,50000,CLIP+UMAP,20,euclidean,15,250,0.88958,0.1198827895645292
272,CIFAR10,prob_label_effnetb0,50000,CLIP+UMAP,20,euclidean,15,250,0.89042,0.11882625181623922
273,CIFAR10,prob_label_effnetb0,50000,CLIP+UMAP,20,euclidean,15,250,0.88922,0.11959400268551187
274,CIFAR10,prob_label_effnetb0,50000,CLIP+UMAP,20,euclidean,15,250,0.89578,0.11743433908164672
275,CIFAR10,prob_label_effnetb0,50000,CLIP+UMAP,20,euclidean,15,500,0.89456,0.1177153362432368
276,CIFAR10,prob_label_effnetb0,50000,CLIP+UMAP,20,euclidean,15,500,0.89494,0.11677144733785667
277,CIFAR10,prob_label_effnetb0,50000,CLIP+UMAP,20,euclidean,15,500,0.8958,0.11773214407061294
278,CIFAR10,prob_label_effnetb0,50000,CLIP+UMAP,20,euclidean,15,500,0.89566,0.11586456724339222
279,CIFAR10,prob_label_effnetb0,50000,CLIP+UMAP,20,euclidean,15,500,0.89944,0.11569519753473953
280,CIFAR10,prob_label_effnetb0,50000,CLIP+UMAP,20,euclidean,15,1000,0.90064,0.11478342671422999
281,CIFAR10,prob_label_effnetb0,50000,CLIP+UMAP,20,euclidean,15,1000,0.90048,0.11467236171131645
282,CIFAR10,prob_label_effnetb0,50000,CLIP+UMAP,20,euclidean,15,1000,0.90178,0.11453396961361402
283,CIFAR10,prob_label_effnetb0,50000,CLIP+UMAP,20,euclidean,15,1000,0.90148,0.11395020108172746
284,CIFAR10,prob_label_effnetb0,50000,CLIP+UMAP,20,euclidean,15,1000,0.90032,0.11340646730806625
285,CIFAR10,prob_label_effnetb0,50000,CLIP+UMAP,20,euclidean,15,5000,0.90556,0.11051444758630913
286,CIFAR10,prob_label_effnetb0,50000,CLIP+UMAP,20,euclidean,15,5000,0.90548,0.11001001959710802
287,CIFAR10,prob_label_effnetb0,50000,CLIP+UMAP,20,euclidean,15,5000,0.90404,0.11095405781073309
288,CIFAR10,prob_label_effnetb0,50000,CLIP+UMAP,20,euclidean,15,5000,0.90644,0.11023188438845348
289,CIFAR10,prob_label_effnetb0,50000,CLIP+UMAP,20,euclidean,15,5000,0.90478,0.11033287169023998
290,CIFAR10,prob_label_effnetb0,50000,CLIP+UMAP,20,euclidean,15,10000,0.90772,0.10810634229333109
291,CIFAR10,prob_label_effnetb0,50000,CLIP+UMAP,20,euclidean,15,10000,0.90808,0.10803438580706226
292,CIFAR10,prob_label_effnetb0,50000,CLIP+UMAP,20,euclidean,15,10000,0.90706,0.10831084629087295
293,CIFAR10,prob_label_effnetb0,50000,CLIP+UMAP,20,euclidean,15,10000,0.90744,0.10812102839076262
294,CIFAR10,prob_label_effnetb0,50000,CLIP+UMAP,20,euclidean,15,10000,0.90808,0.1084111579879126
295,CIFAR10,prob_label_effnetb0,50000,CLIP+UMAP,20,euclidean,15,100000,0.91492,0.10078891110179815
296,CIFAR10,prob_label_effnetb0,50000,CLIP+UMAP,20,euclidean,15,100000,0.9148,0.1006870506568756
297,CIFAR10,prob_label_effnetb0,50000,CLIP+UMAP,20,euclidean,15,100000,0.9151,0.10052083624562377
298,CIFAR10,prob_label_effnetb0,50000,CLIP+UMAP,20,euclidean,15,100000,0.91538,0.10060823472443592
299,CIFAR10,prob_label_effnetb0,50000,CLIP+UMAP,20,euclidean,15,100000,0.91422,0.10082991317802754
300,CIFAR10,prob_label_effnetb0,50000,CLIP+UMAP,20,euclidean,20,10,,
301,CIFAR10,prob_label_effnetb0,50000,CLIP+UMAP,20,euclidean,20,10,,
302,CIFAR10,prob_label_effnetb0,50000,CLIP+UMAP,20,euclidean,20,10,,
303,CIFAR10,prob_label_effnetb0,50000,CLIP+UMAP,20,euclidean,20,10,,
304,CIFAR10,prob_label_effnetb0,50000,CLIP+UMAP,20,euclidean,20,10,,
305,CIFAR10,prob_label_effnetb0,50000,CLIP+UMAP,20,euclidean,20,25,0.2814,0.29336517373132087
306,CIFAR10,prob_label_effnetb0,50000,CLIP+UMAP,20,euclidean,20,25,0.1,0.2924187876486986
307,CIFAR10,prob_label_effnetb0,50000,CLIP+UMAP,20,euclidean,20,25,0.15986,0.3025988887434119
308,CIFAR10,prob_label_effnetb0,50000,CLIP+UMAP,20,euclidean,20,25,0.19822,0.28952951271671407
309,CIFAR10,prob_label_effnetb0,50000,CLIP+UMAP,20,euclidean,20,25,0.20034,0.2963439345859227
310,CIFAR10,prob_label_effnetb0,50000,CLIP+UMAP,20,euclidean,20,50,0.28706,0.26698026133299124
311,CIFAR10,prob_label_effnetb0,50000,CLIP+UMAP,20,euclidean,20,50,0.4551,0.2693428154068592
312,CIFAR10,prob_label_effnetb0,50000,CLIP+UMAP,20,euclidean,20,50,0.21694,0.269029905270505
313,CIFAR10,prob_label_effnetb0,50000,CLIP+UMAP,20,euclidean,20,50,0.38084,0.26575401557465056
314,CIFAR10,prob_label_effnetb0,50000,CLIP+UMAP,20,euclidean,20,50,0.29358,0.27599596597976306
315,CIFAR10,prob_label_effnetb0,50000,CLIP+UMAP,20,euclidean,20,100,0.42038,0.22853897678092544
316,CIFAR10,prob_label_effnetb0,50000,CLIP+UMAP,20,euclidean,20,100,0.69264,0.21563480311397534
317,CIFAR10,prob_label_effnetb0,50000,CLIP+UMAP,20,euclidean,20,100,0.61062,0.22049851142077928
318,CIFAR10,prob_label_effnetb0,50000,CLIP+UMAP,20,euclidean,20,100,0.51252,0.22625980085815384
319,CIFAR10,prob_label_effnetb0,50000,CLIP+UMAP,20,euclidean,20,100,0.61006,0.22266902424931972
320,CIFAR10,prob_label_effnetb0,50000,CLIP+UMAP,20,euclidean,20,250,0.89526,0.11856995868663092
321,CIFAR10,prob_label_effnetb0,50000,CLIP+UMAP,20,euclidean,20,250,0.89122,0.12152046003830574
322,CIFAR10,prob_label_effnetb0,50000,CLIP+UMAP,20,euclidean,20,250,0.89474,0.11817912768398633
323,CIFAR10,prob_label_effnetb0,50000,CLIP+UMAP,20,euclidean,20,250,0.89058,0.12098373653840652
324,CIFAR10,prob_label_effnetb0,50000,CLIP+UMAP,20,euclidean,20,250,0.89122,0.12058065481726798
325,CIFAR10,prob_label_effnetb0,50000,CLIP+UMAP,20,euclidean,20,500,0.89188,0.11631541749280712
326,CIFAR10,prob_label_effnetb0,50000,CLIP+UMAP,20,euclidean,20,500,0.89512,0.11637068927614432
327,CIFAR10,prob_label_effnetb0,50000,CLIP+UMAP,20,euclidean,20,500,0.89766,0.11563489378511509
328,CIFAR10,prob_label_effnetb0,50000,CLIP+UMAP,20,euclidean,20,500,0.89714,0.11645417730374866
329,CIFAR10,prob_label_effnetb0,50000,CLIP+UMAP,20,euclidean,20,500,0.8983,0.11495423446485034
330,CIFAR10,prob_label_effnetb0,50000,CLIP+UMAP,20,euclidean,20,1000,0.8983,0.11483000639974747
331,CIFAR10,prob_label_effnetb0,50000,CLIP+UMAP,20,euclidean,20,1000,0.9002,0.11411319350372635
332,CIFAR10,prob_label_effnetb0,50000,CLIP+UMAP,20,euclidean,20,1000,0.8999,0.11370667488951722
333,CIFAR10,prob_label_effnetb0,50000,CLIP+UMAP,20,euclidean,20,1000,0.89944,0.11457634458953773
334,CIFAR10,prob_label_effnetb0,50000,CLIP+UMAP,20,euclidean,20,1000,0.89576,0.11482748460250788
335,CIFAR10,prob_label_effnetb0,50000,CLIP+UMAP,20,euclidean,20,5000,0.90496,0.11027812913010071
336,CIFAR10,prob_label_effnetb0,50000,CLIP+UMAP,20,euclidean,20,5000,0.90394,0.11031947640068487
337,CIFAR10,prob_label_effnetb0,50000,CLIP+UMAP,20,euclidean,20,5000,0.90392,0.11074304862689777
338,CIFAR10,prob_label_effnetb0,50000,CLIP+UMAP,20,euclidean,20,5000,0.90486,0.10978927322338465
339,CIFAR10,prob_label_effnetb0,50000,CLIP+UMAP,20,euclidean,20,5000,0.90642,0.10980441442737736
340,CIFAR10,prob_label_effnetb0,50000,CLIP+UMAP,20,euclidean,20,10000,0.90724,0.10825966992091318
341,CIFAR10,prob_label_effnetb0,50000,CLIP+UMAP,20,euclidean,20,10000,0.90614,0.1081445468546968
342,CIFAR10,prob_label_effnetb0,50000,CLIP+UMAP,20,euclidean,20,10000,0.90658,0.10851446680129306
343,CIFAR10,prob_label_effnetb0,50000,CLIP+UMAP,20,euclidean,20,10000,0.90602,0.10853426869207165
344,CIFAR10,prob_label_effnetb0,50000,CLIP+UMAP,20,euclidean,20,10000,0.90656,0.10839899220753155
345,CIFAR10,prob_label_effnetb0,50000,CLIP+UMAP,20,euclidean,20,100000,0.91388,0.10171101126777224
346,CIFAR10,prob_label_effnetb0,50000,CLIP+UMAP,20,euclidean,20,100000,0.91372,0.10154294070967877
347,CIFAR10,prob_label_effnetb0,50000,CLIP+UMAP,20,euclidean,20,100000,0.9133,0.10173081041297247
348,CIFAR10,prob_label_effnetb0,50000,CLIP+UMAP,20,euclidean,20,100000,0.91374,0.10157703708139039
349,CIFAR10,prob_label_effnetb0,50000,CLIP+UMAP,20,euclidean,20,100000,0.91378,0.10163716057946551
350,CIFAR10,prob_label_effnetb0,50000,CLIP+UMAP,20,euclidean,30,10,,
351,CIFAR10,prob_label_effnetb0,50000,CLIP+UMAP,20,euclidean,30,10,,
352,CIFAR10,prob_label_effnetb0,50000,CLIP+UMAP,20,euclidean,30,10,,
353,CIFAR10,prob_label_effnetb0,50000,CLIP+UMAP,20,euclidean,30,10,,
354,CIFAR10,prob_label_effnetb0,50000,CLIP+UMAP,20,euclidean,30,10,,
355,CIFAR10,prob_label_effnetb0,50000,CLIP+UMAP,20,euclidean,30,25,,
356,CIFAR10,prob_label_effnetb0,50000,CLIP+UMAP,20,euclidean,30,25,,
357,CIFAR10,prob_label_effnetb0,50000,CLIP+UMAP,20,euclidean,30,25,,
358,CIFAR10,prob_label_effnetb0,50000,CLIP+UMAP,20,euclidean,30,25,,
359,CIFAR10,prob_label_effnetb0,50000,CLIP+UMAP,20,euclidean,30,25,,
360,CIFAR10,prob_label_effnetb0,50000,CLIP+UMAP,20,euclidean,30,50,0.20118,0.2858113431885481
361,CIFAR10,prob_label_effnetb0,50000,CLIP+UMAP,20,euclidean,30,50,0.19998,0.28560508084611846
362,CIFAR10,prob_label_effnetb0,50000,CLIP+UMAP,20,euclidean,30,50,0.19412,0.2879758066293846
363,CIFAR10,prob_label_effnetb0,50000,CLIP+UMAP,20,euclidean,30,50,0.20006,0.2856433287266161
364,CIFAR10,prob_label_effnetb0,50000,CLIP+UMAP,20,euclidean,30,50,0.15364,0.28754960136315605
365,CIFAR10,prob_label_effnetb0,50000,CLIP+UMAP,20,euclidean,30,100,0.47492,0.24747914428816037
366,CIFAR10,prob_label_effnetb0,50000,CLIP+UMAP,20,euclidean,30,100,0.4302,0.2509680772942742
367,CIFAR10,prob_label_effnetb0,50000,CLIP+UMAP,20,euclidean,30,100,0.48674,0.249308956264094
368,CIFAR10,prob_label_effnetb0,50000,CLIP+UMAP,20,euclidean,30,100,0.49628,0.24510100218747483
369,CIFAR10,prob_label_effnetb0,50000,CLIP+UMAP,20,euclidean,30,100,0.38714,0.25080620873847614
370,CIFAR10,prob_label_effnetb0,50000,CLIP+UMAP,20,euclidean,30,250,0.88696,0.15677195335290706
371,CIFAR10,prob_label_effnetb0,50000,CLIP+UMAP,20,euclidean,30,250,0.88702,0.1420437995066633
372,CIFAR10,prob_label_effnetb0,50000,CLIP+UMAP,20,euclidean,30,250,0.88196,0.15105258783914244
373,CIFAR10,prob_label_effnetb0,50000,CLIP+UMAP,20,euclidean,30,250,0.87456,0.1561362905496777
374,CIFAR10,prob_label_effnetb0,50000,CLIP+UMAP,20,euclidean,30,250,0.78858,0.16649058672547135
375,CIFAR10,prob_label_effnetb0,50000,CLIP+UMAP,20,euclidean,30,500,0.89358,0.11629398591197856
376,CIFAR10,prob_label_effnetb0,50000,CLIP+UMAP,20,euclidean,30,500,0.89238,0.11667105280432492
377,CIFAR10,prob_label_effnetb0,50000,CLIP+UMAP,20,euclidean,30,500,0.89156,0.11875134174456732
378,CIFAR10,prob_label_effnetb0,50000,CLIP+UMAP,20,euclidean,30,500,0.89056,0.11852375884179926
379,CIFAR10,prob_label_effnetb0,50000,CLIP+UMAP,20,euclidean,30,500,0.88654,0.1193558003727434
380,CIFAR10,prob_label_effnetb0,50000,CLIP+UMAP,20,euclidean,30,1000,0.89828,0.11445493318074171
381,CIFAR10,prob_label_effnetb0,50000,CLIP+UMAP,20,euclidean,30,1000,0.8996,0.11305696108511505
382,CIFAR10,prob_label_effnetb0,50000,CLIP+UMAP,20,euclidean,30,1000,0.89896,0.11345193538001597
383,CIFAR10,prob_label_effnetb0,50000,CLIP+UMAP,20,euclidean,30,1000,0.89896,0.11406446082201671
384,CIFAR10,prob_label_effnetb0,50000,CLIP+UMAP,20,euclidean,30,1000,0.89468,0.11482810248435069
385,CIFAR10,prob_label_effnetb0,50000,CLIP+UMAP,20,euclidean,30,5000,0.9037,0.10998368117679387
386,CIFAR10,prob_label_effnetb0,50000,CLIP+UMAP,20,euclidean,30,5000,0.90424,0.1102022355976476
387,CIFAR10,prob_label_effnetb0,50000,CLIP+UMAP,20,euclidean,30,5000,0.90386,0.10975659860770659
388,CIFAR10,prob_label_effnetb0,50000,CLIP+UMAP,20,euclidean,30,5000,0.90304,0.11096380220790172
389,CIFAR10,prob_label_effnetb0,50000,CLIP+UMAP,20,euclidean,30,5000,0.90416,0.11033284276435333
390,CIFAR10,prob_label_effnetb0,50000,CLIP+UMAP,20,euclidean,30,10000,0.90696,0.10800521793066456
391,CIFAR10,prob_label_effnetb0,50000,CLIP+UMAP,20,euclidean,30,10000,0.90574,0.10857272220682088
392,CIFAR10,prob_label_effnetb0,50000,CLIP+UMAP,20,euclidean,30,10000,0.90698,0.10834001849879471
393,CIFAR10,prob_label_effnetb0,50000,CLIP+UMAP,20,euclidean,30,10000,0.9068,0.10858084869576352
394,CIFAR10,prob_label_effnetb0,50000,CLIP+UMAP,20,euclidean,30,10000,0.90552,0.10866717372002052
395,CIFAR10,prob_label_effnetb0,50000,CLIP+UMAP,20,euclidean,30,100000,0.91236,0.1027178930539528
396,CIFAR10,prob_label_effnetb0,50000,CLIP+UMAP,20,euclidean,30,100000,0.91244,0.10262079594071812
397,CIFAR10,prob_label_effnetb0,50000,CLIP+UMAP,20,euclidean,30,100000,0.91242,0.1028063001210702
398,CIFAR10,prob_label_effnetb0,50000,CLIP+UMAP,20,euclidean,30,100000,0.91298,0.1027832893338223
399,CIFAR10,prob_label_effnetb0,50000,CLIP+UMAP,20,euclidean,30,100000,0.91188,0.10279715378554913
400,CIFAR10,prob_label_effnetb0,50000,CLIP+UMAP,20,euclidean,50,10,,
401,CIFAR10,prob_label_effnetb0,50000,CLIP+UMAP,20,euclidean,50,10,,
402,CIFAR10,prob_label_effnetb0,50000,CLIP+UMAP,20,euclidean,50,10,,
403,CIFAR10,prob_label_effnetb0,50000,CLIP+UMAP,20,euclidean,50,10,,
404,CIFAR10,prob_label_effnetb0,50000,CLIP+UMAP,20,euclidean,50,10,,
405,CIFAR10,prob_label_effnetb0,50000,CLIP+UMAP,20,euclidean,50,25,,
406,CIFAR10,prob_label_effnetb0,50000,CLIP+UMAP,20,euclidean,50,25,,
407,CIFAR10,prob_label_effnetb0,50000,CLIP+UMAP,20,euclidean,50,25,,
408,CIFAR10,prob_label_effnetb0,50000,CLIP+UMAP,20,euclidean,50,25,,
409,CIFAR10,prob_label_effnetb0,50000,CLIP+UMAP,20,euclidean,50,25,,
410,CIFAR10,prob_label_effnetb0,50000,CLIP+UMAP,20,euclidean,50,50,0.1002,0.2957359852031877
411,CIFAR10,prob_label_effnetb0,50000,CLIP+UMAP,20,euclidean,50,50,0.1002,0.29967215636222333
412,CIFAR10,prob_label_effnetb0,50000,CLIP+UMAP,20,euclidean,50,50,0.1002,0.29517685104680524
413,CIFAR10,prob_label_effnetb0,50000,CLIP+UMAP,20,euclidean,50,50,0.1,0.29718906920205074
414,CIFAR10,prob_label_effnetb0,50000,CLIP+UMAP,20,euclidean,50,50,0.1015,0.2956226806887143
415,CIFAR10,prob_label_effnetb0,50000,CLIP+UMAP,20,euclidean,50,100,0.20364,0.2763545145826406
416,CIFAR10,prob_label_effnetb0,50000,CLIP+UMAP,20,euclidean,50,100,0.20388,0.2779380577356127
417,CIFAR10,prob_label_effnetb0,50000,CLIP+UMAP,20,euclidean,50,100,0.10318,0.2792440693163742
418,CIFAR10,prob_label_effnetb0,50000,CLIP+UMAP,20,euclidean,50,100,0.18594,0.2776411458299851
419,CIFAR10,prob_label_effnetb0,50000,CLIP+UMAP,20,euclidean,50,100,0.19136,0.280955983755317
420,CIFAR10,prob_label_effnetb0,50000,CLIP+UMAP,20,euclidean,50,250,0.80452,0.21237009251356015
421,CIFAR10,prob_label_effnetb0,50000,CLIP+UMAP,20,euclidean,50,250,0.54302,0.22097471715415523
422,CIFAR10,prob_label_effnetb0,50000,CLIP+UMAP,20,euclidean,50,250,0.59618,0.2178961504876961
423,CIFAR10,prob_label_effnetb0,50000,CLIP+UMAP,20,euclidean,50,250,0.49866,0.22260854434093807
424,CIFAR10,prob_label_effnetb0,50000,CLIP+UMAP,20,euclidean,50,250,0.59878,0.22454339321212818
425,CIFAR10,prob_label_effnetb0,50000,CLIP+UMAP,20,euclidean,50,500,0.88884,0.1326274353121748
426,CIFAR10,prob_label_effnetb0,50000,CLIP+UMAP,20,euclidean,50,500,0.8896,0.1224624705165521
427,CIFAR10,prob_label_effnetb0,50000,CLIP+UMAP,20,euclidean,50,500,0.89142,0.1245309619799539
428,CIFAR10,prob_label_effnetb0,50000,CLIP+UMAP,20,euclidean,50,500,0.88976,0.12468861057300296
429,CIFAR10,prob_label_effnetb0,50000,CLIP+UMAP,20,euclidean,50,500,0.88638,0.12701357069722893
430,CIFAR10,prob_label_effnetb0,50000,CLIP+UMAP,20,euclidean,50,1000,0.8933,0.11560229982788597
431,CIFAR10,prob_label_effnetb0,50000,CLIP+UMAP,20,euclidean,50,1000,0.898,0.11516613584433762
432,CIFAR10,prob_label_effnetb0,50000,CLIP+UMAP,20,euclidean,50,1000,0.89398,0.11597718846178313
433,CIFAR10,prob_label_effnetb0,50000,CLIP+UMAP,20,euclidean,50,1000,0.89482,0.11463406450881783
434,CIFAR10,prob_label_effnetb0,50000,CLIP+UMAP,20,euclidean,50,1000,0.8926,0.11544995361635499
435,CIFAR10,prob_label_effnetb0,50000,CLIP+UMAP,20,euclidean,50,5000,0.90268,0.11030119144567647
436,CIFAR10,prob_label_effnetb0,50000,CLIP+UMAP,20,euclidean,50,5000,0.90288,0.11038398230889142
437,CIFAR10,prob_label_effnetb0,50000,CLIP+UMAP,20,euclidean,50,5000,0.90302,0.11049180750642804
438,CIFAR10,prob_label_effnetb0,50000,CLIP+UMAP,20,euclidean,50,5000,0.90192,0.11141516229047113
439,CIFAR10,prob_label_effnetb0,50000,CLIP+UMAP,20,euclidean,50,5000,0.90244,0.11100052025875078
440,CIFAR10,prob_label_effnetb0,50000,CLIP+UMAP,20,euclidean,50,10000,0.9052,0.10864785376323152
441,CIFAR10,prob_label_effnetb0,50000,CLIP+UMAP,20,euclidean,50,10000,0.90394,0.1092936734415092
442,CIFAR10,prob_label_effnetb0,50000,CLIP+UMAP,20,euclidean,50,10000,0.90454,0.10916309845580718
443,CIFAR10,prob_label_effnetb0,50000,CLIP+UMAP,20,euclidean,50,10000,0.9038,0.10910097584309267
444,CIFAR10,prob_label_effnetb0,50000,CLIP+UMAP,20,euclidean,50,10000,0.90486,0.1089227594665109
445,CIFAR10,prob_label_effnetb0,50000,CLIP+UMAP,20,euclidean,50,100000,0.91092,0.10409671056200479
446,CIFAR10,prob_label_effnetb0,50000,CLIP+UMAP,20,euclidean,50,100000,0.91028,0.10410068190127994
447,CIFAR10,prob_label_effnetb0,50000,CLIP+UMAP,20,euclidean,50,100000,0.90944,0.10412870918528198
448,CIFAR10,prob_label_effnetb0,50000,CLIP+UMAP,20,euclidean,50,100000,0.91098,0.10406993632439583
449,CIFAR10,prob_label_effnetb0,50000,CLIP+UMAP,20,euclidean,50,100000,0.91062,0.10403386764431097
450,CIFAR10,prob_label_effnetb0,50000,CLIP+UMAP,20,euclidean,100,10,,
451,CIFAR10,prob_label_effnetb0,50000,CLIP+UMAP,20,euclidean,100,10,,
452,CIFAR10,prob_label_effnetb0,50000,CLIP+UMAP,20,euclidean,100,10,,
453,CIFAR10,prob_label_effnetb0,50000,CLIP+UMAP,20,euclidean,100,10,,
454,CIFAR10,prob_label_effnetb0,50000,CLIP+UMAP,20,euclidean,100,10,,
455,CIFAR10,prob_label_effnetb0,50000,CLIP+UMAP,20,euclidean,100,25,,
456,CIFAR10,prob_label_effnetb0,50000,CLIP+UMAP,20,euclidean,100,25,,
457,CIFAR10,prob_label_effnetb0,50000,CLIP+UMAP,20,euclidean,100,25,,
458,CIFAR10,prob_label_effnetb0,50000,CLIP+UMAP,20,euclidean,100,25,,
459,CIFAR10,prob_label_effnetb0,50000,CLIP+UMAP,20,euclidean,100,25,,
460,CIFAR10,prob_label_effnetb0,50000,CLIP+UMAP,20,euclidean,100,50,,
461,CIFAR10,prob_label_effnetb0,50000,CLIP+UMAP,20,euclidean,100,50,,
462,CIFAR10,prob_label_effnetb0,50000,CLIP+UMAP,20,euclidean,100,50,,
463,CIFAR10,prob_label_effnetb0,50000,CLIP+UMAP,20,euclidean,100,50,,
464,CIFAR10,prob_label_effnetb0,50000,CLIP+UMAP,20,euclidean,100,50,,
465,CIFAR10,prob_label_effnetb0,50000,CLIP+UMAP,20,euclidean,100,100,,
466,CIFAR10,prob_label_effnetb0,50000,CLIP+UMAP,20,euclidean,100,100,0.1002,0.29552739856046417
467,CIFAR10,prob_label_effnetb0,50000,CLIP+UMAP,20,euclidean,100,100,0.1015,0.29615655929623985
468,CIFAR10,prob_label_effnetb0,50000,CLIP+UMAP,20,euclidean,100,100,,
469,CIFAR10,prob_label_effnetb0,50000,CLIP+UMAP,20,euclidean,100,100,0.09952,0.2967042564455195
470,CIFAR10,prob_label_effnetb0,50000,CLIP+UMAP,20,euclidean,100,250,0.19774,0.266112318093497
471,CIFAR10,prob_label_effnetb0,50000,CLIP+UMAP,20,euclidean,100,250,0.3513,0.266481729150159
472,CIFAR10,prob_label_effnetb0,50000,CLIP+UMAP,20,euclidean,100,250,0.3175,0.2643995508526136
473,CIFAR10,prob_label_effnetb0,50000,CLIP+UMAP,20,euclidean,100,250,0.54266,0.2648280117129136
474,CIFAR10,prob_label_effnetb0,50000,CLIP+UMAP,20,euclidean,100,250,0.30878,0.2655594960955104
475,CIFAR10,prob_label_effnetb0,50000,CLIP+UMAP,20,euclidean,100,500,0.73944,0.21516975472480948
476,CIFAR10,prob_label_effnetb0,50000,CLIP+UMAP,20,euclidean,100,500,0.60652,0.21654775257044698
477,CIFAR10,prob_label_effnetb0,50000,CLIP+UMAP,20,euclidean,100,500,0.62904,0.21781790143263394
478,CIFAR10,prob_label_effnetb0,50000,CLIP+UMAP,20,euclidean,100,500,0.69278,0.21485414332840874
479,CIFAR10,prob_label_effnetb0,50000,CLIP+UMAP,20,euclidean,100,500,0.69012,0.21404216462634382
480,CIFAR10,prob_label_effnetb0,50000,CLIP+UMAP,20,euclidean,100,1000,0.88916,0.12375843917354604
481,CIFAR10,prob_label_effnetb0,50000,CLIP+UMAP,20,euclidean,100,1000,0.88728,0.12323743353296035
482,CIFAR10,prob_label_effnetb0,50000,CLIP+UMAP,20,euclidean,100,1000,0.8904,0.12212782496036054
483,CIFAR10,prob_label_effnetb0,50000,CLIP+UMAP,20,euclidean,100,1000,0.88608,0.12701395807462568
484,CIFAR10,prob_label_effnetb0,50000,CLIP+UMAP,20,euclidean,100,1000,0.89084,0.12392084835533781
485,CIFAR10,prob_label_effnetb0,50000,CLIP+UMAP,20,euclidean,100,5000,0.90102,0.11200608319424343
486,CIFAR10,prob_label_effnetb0,50000,CLIP+UMAP,20,euclidean,100,5000,0.89666,0.11244663799963499
487,CIFAR10,prob_label_effnetb0,50000,CLIP+UMAP,20,euclidean,100,5000,0.89956,0.11199710806868035
488,CIFAR10,prob_label_effnetb0,50000,CLIP+UMAP,20,euclidean,100,5000,0.90002,0.11168646030577087
489,CIFAR10,prob_label_effnetb0,50000,CLIP+UMAP,20,euclidean,100,5000,0.90062,0.11202997445338576
490,CIFAR10,prob_label_effnetb0,50000,CLIP+UMAP,20,euclidean,100,10000,0.90276,0.110028350844296
491,CIFAR10,prob_label_effnetb0,50000,CLIP+UMAP,20,euclidean,100,10000,0.90178,0.11027620540222942
492,CIFAR10,prob_label_effnetb0,50000,CLIP+UMAP,20,euclidean,100,10000,0.90208,0.11036646651093104
493,CIFAR10,prob_label_effnetb0,50000,CLIP+UMAP,20,euclidean,100,10000,0.90292,0.11024624610097888
494,CIFAR10,prob_label_effnetb0,50000,CLIP+UMAP,20,euclidean,100,10000,0.90248,0.11029657286371315
495,CIFAR10,prob_label_effnetb0,50000,CLIP+UMAP,20,euclidean,100,100000,0.908,0.10583000336469202
496,CIFAR10,prob_label_effnetb0,50000,CLIP+UMAP,20,euclidean,100,100000,0.90846,0.10579572723529743
497,CIFAR10,prob_label_effnetb0,50000,CLIP+UMAP,20,euclidean,100,100000,0.90812,0.10577251554588818
498,CIFAR10,prob_label_effnetb0,50000,CLIP+UMAP,20,euclidean,100,100000,0.90774,0.1057705291503022
499,CIFAR10,prob_label_effnetb0,50000,CLIP+UMAP,20,euclidean,100,100000,0.90774,0.10582967097164186
